company_name,email,website,industry
TechStartup Inc,contact@techstartup.com,https://techstartup.com,Healthcare
DataCorp Solutions,hello@datacorp.com,https://datacorp.com,Finance
AI Systems Ltd,info@aisystems.com,https://aisystems.com,SaaS
CloudTech Innovations,sales@cloudtech.io,https://cloudtech.io,Cloud Computing
MediAI Healthcare,support@mediaihealthcare.com,https://mediaihealthcare.com,Healthcare
FinanceBot Pro,hello@financebotpro.com,https://financebotpro.com,Finance
AutoScale Solutions,contact@autoscale.io,https://autoscale.io,SaaS
NeuralVision Inc,info@neuralvision.com,https://neuralvision.com,Computer Vision
DataStream Analytics,sales@datastream.io,https://datastream.io,Big Data
SecureAI Systems,hello@secureai.com,https://secureai.com,Cybersecurity
